{
  "hash": "ebc4e7b5",
  "configHash": "9a75865b",
  "lockfileHash": "c451f59e",
  "browserHash": "0638bc92",
  "optimized": {
    "@angular/core": {
      "src": "../../../../../../node_modules/@angular/core/fesm2022/core.mjs",
      "file": "@angular_core.js",
      "fileHash": "759fef42",
      "needsInterop": false
    },
    "@angular/platform-browser": {
      "src": "../../../../../../node_modules/@angular/platform-browser/fesm2022/platform-browser.mjs",
      "file": "@angular_platform-browser.js",
      "fileHash": "27eb139f",
      "needsInterop": false
    },
    "@angular/router": {
      "src": "../../../../../../node_modules/@angular/router/fesm2022/router.mjs",
      "file": "@angular_router.js",
      "fileHash": "ed663c4e",
      "needsInterop": false
    },
    "@angular/forms": {
      "src": "../../../../../../node_modules/@angular/forms/fesm2022/forms.mjs",
      "file": "@angular_forms.js",
      "fileHash": "d742aa88",
      "needsInterop": false
    }
  },
  "chunks": {
    "chunk-RTBLRJAO": {
      "file": "chunk-RTBLRJAO.js"
    },
    "chunk-SVQAY7VD": {
      "file": "chunk-SVQAY7VD.js"
    },
    "chunk-2UDGYMIF": {
      "file": "chunk-2UDGYMIF.js"
    }
  }
}